{"assets/CommunityCarousel/.DS_Store":["assets/CommunityCarousel/.DS_Store"],"assets/CommunityCarousel/discordBanner.jpeg":["assets/CommunityCarousel/discordBanner.jpeg"],"assets/CommunityCarousel/googleGroups.jpeg":["assets/CommunityCarousel/googleGroups.jpeg"],"assets/CommunityCarousel/mediumBanner.jpeg":["assets/CommunityCarousel/mediumBanner.jpeg"],"assets/CommunityCarousel/redditBanner.jpeg":["assets/CommunityCarousel/redditBanner.jpeg"],"assets/CommunityCarousel/slackBanner.jpeg":["assets/CommunityCarousel/slackBanner.jpeg"],"assets/CommunityCarousel/stackOverflowBanner.jpeg":["assets/CommunityCarousel/stackOverflowBanner.jpeg"],"assets/CommunityCarousel/twitterBanner.png":["assets/CommunityCarousel/twitterBanner.png"],"assets/CommunityCarousel/youTube.png":["assets/CommunityCarousel/youTube.png"],"assets/PNG/.DS_Store":["assets/PNG/.DS_Store"],"assets/PNG/discord.png":["assets/PNG/discord.png"],"assets/PNG/flutterLogo.png":["assets/PNG/flutterLogo.png"],"assets/PNG/googleGroups.png":["assets/PNG/googleGroups.png"],"assets/PNG/medium.png":["assets/PNG/medium.png"],"assets/PNG/slack.png":["assets/PNG/slack.png"],"assets/PNG/splashScreenImage.png":["assets/PNG/splashScreenImage.png"],"assets/PNG/stackOverflow.png":["assets/PNG/stackOverflow.png"],"assets/PNG/twitter.png":["assets/PNG/twitter.png"],"assets/PNG/youtube.png":["assets/PNG/youtube.png"],"assets/SVG/.DS_Store":["assets/SVG/.DS_Store"],"assets/SVG/expanded_info.svg":["assets/SVG/expanded_info.svg"],"assets/SVG/flutterLogo.svg":["assets/SVG/flutterLogo.svg"],"packages/cupertino_icons/assets/CupertinoIcons.ttf":["packages/cupertino_icons/assets/CupertinoIcons.ttf"],"packages/font_awesome_flutter/lib/fonts/fa-brands-400.ttf":["packages/font_awesome_flutter/lib/fonts/fa-brands-400.ttf"],"packages/font_awesome_flutter/lib/fonts/fa-regular-400.ttf":["packages/font_awesome_flutter/lib/fonts/fa-regular-400.ttf"],"packages/font_awesome_flutter/lib/fonts/fa-solid-900.ttf":["packages/font_awesome_flutter/lib/fonts/fa-solid-900.ttf"],"packages/ionicons/fonts/Ionicons.ttf":["packages/ionicons/fonts/Ionicons.ttf"],"packages/youtube_player_flutter/assets/speedometer.webp":["packages/youtube_player_flutter/assets/speedometer.webp"]}